{
  "secp112r2": {
    "{'weight': 1}": {
      "Arithmetic mean": 110.81298828125,
      "Geometric mean": 110.80341447843247,
      "Quadratic mean": 110.822411693636,
      "Harmonic mean": 110.79368643835123,
      "Variance": 3.3874580642803997,
      "Standard deviation": 0.5487515447890119
    }
  },
  "bn158": {
    "{'weight': 1}": {
      "Arithmetic mean": 156.25634765625,
      "Geometric mean": 156.2502599401067,
      "Quadratic mean": 156.26237607236507,
      "Harmonic mean": 156.2441119203337,
      "Variance": 2.640169461339223,
      "Standard deviation": 0.5270741095831041
    }
  },
  "brainpoolP160r1": {
    "{'weight': 1}": {
      "Arithmetic mean": 158.8701171875,
      "Geometric mean": 158.8635582172409,
      "Quadratic mean": 158.8766042896971,
      "Harmonic mean": 158.85692620411376,
      "Variance": 3.7373671343537413,
      "Standard deviation": 0.5954554294526033
    }
  }
}