{
  "secp112r2": {
    "{'weight': 1}": {
      "Arithmetic mean": 110.85107421875,
      "Geometric mean": 110.84140307588832,
      "Quadratic mean": 110.86058293034657,
      "Harmonic mean": 110.8315651913861,
      "Variance": 3.747745108785702,
      "Standard deviation": 0.5692916991781182
    }
  },
  "bn158": {
    "{'weight': 1}": {
      "Arithmetic mean": 156.251953125,
      "Geometric mean": 156.24535798655498,
      "Quadratic mean": 156.25847789500094,
      "Harmonic mean": 156.2386911872838,
      "Variance": 3.4738632171618646,
      "Standard deviation": 0.570035669106194
    }
  },
  "brainpoolP160r1": {
    "{'weight': 1}": {
      "Arithmetic mean": 158.96533203125,
      "Geometric mean": 158.95946425049888,
      "Quadratic mean": 158.97113197301343,
      "Harmonic mean": 158.95352719596565,
      "Variance": 3.6117278893979465,
      "Standard deviation": 0.5627922288945915
    }
  }
}