{
  "secp112r2": {
    "{'weight': 1}": {
      "Arithmetic mean": 109.09747314453125,
      "Geometric mean": 102.96004692393184,
      "Quadratic mean": 14.755179837306288,
      "Harmonic mean": 112.56836321037302,
      "Variance": 0.5377222174567595,
      "Standard deviation": 0.23726737695493916
    }
  },
  "bn158": {
    "{'weight': 1}": {
      "Arithmetic mean": 153.79168701171875,
      "Geometric mean": 144.36935564760688,
      "Quadratic mean": 17.524595578652093,
      "Harmonic mean": 158.69808749158298,
      "Variance": 0.47066929516102507,
      "Standard deviation": 0.228768593629154
    }
  },
  "brainpoolP160r1": {
    "{'weight': 1}": {
      "Arithmetic mean": 156.42266845703125,
      "Geometric mean": 146.80082636460662,
      "Quadratic mean": 17.674810487845406,
      "Harmonic mean": 161.41433871942706,
      "Variance": 0.5409391623069237,
      "Standard deviation": 0.24507160018161747
    }
  }
}